{"cameraMode":{"drawMode":0,"name":"Shaded","section":"Shading Mode"},"sceneLighting":true,"audioPlay":false,"sceneViewState":{"m_AlwaysRefresh":false,"showFog":true,"showSkybox":true,"showFlares":true,"showImageEffects":true,"showParticleSystems":true,"showVisualEffectGraphs":true,"m_FxEnabled":true},"in2DMode":false,"pivot":{"x":-11.549142837524414,"y":33.38258743286133,"z":3.243032455444336},"rotation":{"x":0.027173487469553949,"y":0.9232662916183472,"z":0.0662785992026329,"w":-0.3775627017021179},"size":37.618064880371097,"orthographic":false}