{"cameraMode":{"drawMode":0,"name":"Shaded","section":"Shading Mode"},"sceneLighting":true,"audioPlay":false,"sceneViewState":{"m_AlwaysRefresh":false,"showFog":true,"showSkybox":true,"showFlares":true,"showImageEffects":true,"showParticleSystems":true,"showVisualEffectGraphs":true,"m_FxEnabled":true},"in2DMode":false,"pivot":{"x":-0.36592674255371096,"y":3.3584814071655275,"z":-1.5842437744140626},"rotation":{"x":0.046653710305690768,"y":0.5185889601707459,"z":-0.02776697650551796,"w":0.8534250855445862},"size":12.58501148223877,"orthographic":true}